id;motif;type_demandeur;nom;prenom;nom_etab;autre_nom_etab;email
1;CreationMatricule;Apprenant;ROI Sleek deposit;e-tailers bifurcated explicit;CRFP_ZIGUINCHOR;Generic;Asceline72@hotmail.fr
2;CreationMatricule;Enseignant;withdrawal Naira;PNG Champagne-Ardenne;CFP_MBOUR;GB;Armandine.Petit@gmail.com
3;MatriculeOublier;Enseignant;Soft c enable;utilize Soap Mouse;CFP_NGOURANE;reintermediate a Sleek;Mauricette_Garnier@yahoo.fr
4;CreationMatricule;Apprenant;ÃŽle-de-France;Open-architected PNG HDD;CFP_SEBIKHOTANE;Object-based;Romane_Charles2@yahoo.fr
5;MatriculeOublier;Etablissement;Shoes Rubber Centre;Royale Oberkampf;CFP_THIAROYE;b;Agathange_Julien@hotmail.fr
6;CreationMatricule;Apprenant;Wooden;Directeur microchip dynamic;CFP_KOUNKANE;backing Incredible;Fulbert71@yahoo.fr
7;MatriculeOublier;Enseignant;Wooden Pants Faubourg;Marcadet b bypass;SINTHIOU_BAMBAMBE;payment Chair;Lonne69@yahoo.fr
8;MatriculeOublier;Etablissement;de;tan;CFP_MEDINA_GUEULE_TAPEE;Producteur Visionary GB;Adolphe_Renault3@hotmail.fr
9;CreationMatricule;Enseignant;c circuit;Investment;CFP_DIONEWAR;a b Small;Ambroise_Sanchez64@gmail.com
10;CreationMatricule;Enseignant;Gorgeous methodology white;Tugrik;CFP_SAINT_MARC;Kwacha Technicien;Vinciane_Henry@hotmail.fr
